Name, TotalOccurances
org.jfree.chart.axis.TickUnit, 4780
org.jfree.chart.util.Args, 2156
org.jfree.chart.plot.XYPlot, 1712
org.jfree.chart.ui.RectangleInsets, 1690
org.jfree.data.xy.XYSeries, 1312
org.jfree.data.xy.XYSeriesCollection, 1198
org.jfree.chart.plot.Plot, 1133
org.jfree.chart.axis.ValueAxis, 1038
org.jfree.chart.JFreeChart, 957
org.jfree.chart.axis.DateTickUnitType, 882
org.jfree.data.Range, 864
org.jfree.chart.axis.Axis, 752
org.jfree.chart.axis.NumberAxis, 685
org.jfree.data.xy.XYDataItem, 672
org.jfree.chart.renderer.AbstractRenderer, 478
org.jfree.chart.event.ChartChangeEvent, 426
org.jfree.chart.block.AbstractBlock, 370
org.jfree.data.xy.AbstractXYDataset, 306
org.jfree.data.general.Series, 286
org.jfree.chart.renderer.xy.AbstractXYItemRenderer, 272
org.jfree.data.xy.XYBarDataset, 249
org.jfree.data.general.DatasetUtils, 233
org.jfree.chart.ui.Size2D, 225
org.jfree.chart.title.Title, 190
org.jfree.data.xy.IntervalXYDelegate, 186
org.jfree.chart.axis.NumberTickUnitSource, 177
org.jfree.chart.block.BlockBorder, 160
org.jfree.chart.util.AbstractObjectList, 144
org.jfree.chart.text.TextUtils, 137
org.jfree.chart.StandardChartTheme, 135
org.jfree.chart.axis.DateTickUnit, 132
org.jfree.chart.block.RectangleConstraint, 125
org.jfree.chart.LegendItem, 125
org.jfree.chart.title.LegendTitle, 125
org.jfree.chart.ui.RectangleEdge, 124
org.jfree.chart.axis.TickUnits, 123
org.jfree.chart.ui.TextAnchor, 90
org.jfree.chart.block.BlockContainer, 90
org.jfree.chart.title.LegendGraphic, 82
org.jfree.chart.plot.DefaultDrawingSupplier, 80
org.jfree.chart.util.BooleanList, 76
org.jfree.chart.text.TextBlock, 75
org.jfree.chart.axis.DateAxis, 74
org.jfree.chart.text.TextFragment, 70
org.jfree.chart.axis.DateAxis$DefaultTimeline, 61
org.jfree.chart.text.TextLine, 60
org.jfree.data.general.AbstractSeriesDataset, 58
org.jfree.chart.title.TextTitle, 50
org.jfree.data.general.AbstractDataset, 48
org.jfree.chart.axis.NumberTickUnit, 45
